,ID,Module ID,Code
⠀⠀⠀       ◼️ Load Modules,102000000045,102000000045,
LO 01. Load SIP,102000000017,102000000017,
'LO 01. Load SIP'.'V723723',292000000000,102000000017,
'LO 01. Load SIP'.'SV2',292000000001,102000000017,
LO 03. Load SPP Thema's - FTE's,102000000798,102000000798,
LO 04. Load Tafel/Thema SIP,102000000972,102000000972,
'LO 04. Load Tafel/Thema SIP'.'01.01 Load L #Load Tafel/Thema SIP from M LO 04 [Clear LL]',2591000000000,102000000972,
'LO 04. Load Tafel/Thema SIP'.'01.03 Create L SIP Werkstroom L1 from M LO 04',2591000000001,102000000972,
'LO 04. Load Tafel/Thema SIP'.'01.04 Create L SIP Tafel L2 from M LO 04',2591000000002,102000000972,
'LO 04. Load Tafel/Thema SIP'.'01.05 Create L Product from M LO 04',2591000000003,102000000972,
'LO 04. Load Tafel/Thema SIP'.'01.06 Create L SIP Thema L3 from M LO 04',2591000000004,102000000972,
'LO 04. Load Tafel/Thema SIP'.'01.07 Create L SIP Activiteit L4 from M LO 04',2591000000005,102000000972,
LO 05. Grouping L12 accounts,102000000947,102000000947,
'LO 05. Grouping L12 accounts'.'LO 05.1 Grouping L12 accounts',2519000000000,102000000947,
'LO 05. Grouping L12 accounts'.'LO 05.1 Push grouping to IM 01',2519000000001,102000000947,
LO 05. Load Subactiviteit L5 SIP,102000000974,102000000974,
'LO 05. Load Subactiviteit L5 SIP'.'01.09 Create L Subactiviteit from M LO 05',2597000000000,102000000974,
'LO 05. Load Subactiviteit L5 SIP'.'01.10 Create L Subactiviteit L6 from M LO 05',2597000000001,102000000974,
'LO 05. Load Subactiviteit L5 SIP'.'01.11 Create L Eenheid from M LO 05',2597000000002,102000000974,
LO 06. Subafdeling,102000000968,102000000968,
'LO 06. Subafdeling'.'LO 06.1 Create subafdeling',2571000000002,102000000968,
'LO 06. Subafdeling'.'LO 06.2 Update subafdeling',2571000000003,102000000968,
LO 07. Kostenplaats,102000000969,102000000969,
'LO 07. Kostenplaats'.'LO 07.1 Create Afdeling L5',2575000000005,102000000969,
'LO 07. Kostenplaats'.'LO 07.2 Update Afdeling L5',2575000000008,102000000969,
'LO 07. Kostenplaats'.'LO 07.3 Create Subafdeling L6',2575000000006,102000000969,
'LO 07. Kostenplaats'.'LO 07.4 Update Subafdeling L6',2575000000009,102000000969,
'LO 07. Kostenplaats'.'LO 07.5 Create Kostenplaats L7',2575000000007,102000000969,
'LO 07. Kostenplaats'.'LO 07.6 Update Kostenplaats L7',2575000000000,102000000969,
'LO 07. Kostenplaats'.'LO 07.7 Update Display Name all Kostenplaatsen',2575000000011,102000000969,
LO 08. Import SIP Euro,102000000976,102000000976,
'LO 08. Import SIP Euro'.'LO 08.1 [version copy] Import SIP Euro',2606000000000,102000000976,
LO 09. Load SPIN KPI Data,102000001027,102000001027,
'LO 09. Load SPIN KPI Data'.'1. Update KPI',2725000000003,102000001027,
'LO 09. Load SPIN KPI Data'.'2. Update YTD Berekening',2725000000000,102000001027,
'LO 09. Load SPIN KPI Data'.'3. Update Groepering L1',2725000000001,102000001027,
'LO 09. Load SPIN KPI Data'.'4.. Update Categorie L2',2725000000002,102000001027,
'LO 09. Load SPIN KPI Data'.'5. Update Organisatie',2725000000004,102000001027,
'LO 09. Load SPIN KPI Data'.'6. Update KPI_Afdeling',2725000000005,102000001027,
'LO 09. Load SPIN KPI Data'.'07. Subload to IM 42.',2725000000006,102000001027,
'LO 09. Load SPIN KPI Data'.'08. Subload to DA 34.',2725000000007,102000001027,
'LO 09. Load SPIN KPI Data'.'LO 09.x Load SPIN KPI Data',2725000000008,102000001027,
LO 10. Load Tarieven personeel,102000001042,102000001042,
LO 11 SIP Thema's L3++,102000001082,102000001082,
LO 12. Loonkosten Prestatiesoorten,102000001307,102000001307,
'LO 12. Loonkosten Prestatiesoorten'.'LO 12.1 Loonkosten Prestatiesoorten Afdeling',3391000000000,102000001307,
'LO 12. Loonkosten Prestatiesoorten'.'LO 12.2 Loonkosten Prestatiesoorten Subafdeling',3391000000001,102000001307,
LO 13. Load SIP E/G split,102000001310,102000001310,
⠀⠀⠀       ◼️ New Load Modules,102000001258,102000001258,
LO 02. Load SIP Plan - SIP Planvarianten,102000000870,102000000870,
DA 01 NEW. Load Plan from SIP,102000001259,102000001259,
DA 02 NEW. Load FTEs from SPP,102000001260,102000001260,
DA 03. SRT data Productieve uren,102000001273,102000001273,
DA 34. KPI Afdeling Subload,102000001107,102000001107,
DA 12. Load Waardes from SPIN,102000001159,102000001159,
DA 30a. Actuals/LE Input UMDT,102000001103,102000001103,
└DA 30a. Actuals/LE/Budget Input Afdelingskosten,102000000840,102000000840,
└ DA 30b. Actuals/LE Input Formatie,102000000841,102000000841,
└ DA 30c. Actuals/LE Input Tafel/Thema,102000000842,102000000842,
└ DA 30d. Actuals/LE Input OPEX,102000000845,102000000845,
└ DA 30e. Actuals/LE Input Extern,102000000847,102000000847,
DA 31. Historical data SAP BPC,102000000935,102000000935,
'DA 31. Historical data SAP BPC'.'DA 31.1 Create Soort (SAP BPC) list elements',2484000000000,102000000935,
'DA 31. Historical data SAP BPC'.'DA 31.2 Create period dummy list elements',2484000000001,102000000935,
'DA 31. Historical data SAP BPC'.'ACC.01 - create subset ic',2484000000002,102000000935,
DA 36. Loonkosten Afdeling,102000001308,102000001308,
DA 37. Loonkosten Subafdeling,102000001309,102000001309,
⠀⠀⠀       ◼️ Data Modules,102000000015,102000000015,
DA 01. Total Plan SIP,102000000673,102000000673,
DA 07. Rapportage COEA,102000000686,102000000686,
DA 28. Meerjarenplan Euros per jaar,102000000812,102000000812,
└ DA 28a. Meerjarenplan Euros Driver Selectie,102000000811,102000000811,
└ DA 28a NEW. Meerjarenplan Euros Driver Selectie,102000001336,102000001336,
└ DA 28b. Meerjarenplan Euros SIP Thema selectie,102000000813,102000000813,
DA 29. Meerjarenplan FTEs per jaar,102000000816,102000000816,
└ DA 29a. Meerjarenplan FTEs Driver Selectie,102000000817,102000000817,
└ DA 31a. Historical Data Grootbookrekening,102000000941,102000000941,
└ DA 31b.  Historical Data Aggregated,102000001151,102000001151,
DA 32. UMDT op Afdeling (L4+) -> Rekeningcategorie,102000000995,102000000995,
DA 33 UMDT (L3+ ) op Kostenplaats -> Rekeningcategorie,102000001017,102000001017,
DA 35. SPIN KPI Waardes,102000001158,102000001158,
⠀⠀⠀       ◼️ INPUT MODULES,102000000052,102000000052,
IP 02. IAS16 kosten (cumulatief),102000000684,102000000684,
└IP 02a. IAS16 naar maanden,102000001215,102000001215,
IP 03. Risico & Kansen,102000000694,102000000694,
'IP 03. Risico & Kansen'.'IP 19. Risico & Kansen - Export tabel',1893000000000,102000000694,
'IP 03. Risico & Kansen'.'IP 03. Risico & Kansen - Export MJP',1893000000001,102000000694,
└IP 03a. Naar jaren,102000000868,102000000868,
'└IP 03a. Naar jaren'.'└IP 03a. Naar jaren - Export MJP',2332000000000,102000000868,
IP 05. Seizoenspatronen,102000000701,102000000701,
'IP 05. Seizoenspatronen'.'IP 05. Seizoenspatronen - Previous version copy',1915000000000,102000000701,
IP 05. Seizoenspatronen - Copy,102000001249,102000001249,
└ IP 05a. Seizoenspatronen - Collect,102000000712,102000000712,
└ IP 05b. Seizoenspatronen - Beschrijving Verdeling,102000001246,102000001246,
└ IP 05c. Seizoenspatronen - IC,102000000926,102000000926,
└ IP 05d. Seizoenspatronen Thema,102000001149,102000001149,
IP 10. Verdeling naar kostenplaatsen,102000000925,102000000925,
'IP 10. Verdeling naar kostenplaatsen'.'IP 10.1 Subload view',2462000000000,102000000925,
'IP 10. Verdeling naar kostenplaatsen'.Export inputs to new module,2462000000001,102000000925,
IP 10x1. NEW Afdelingkosten naar KP,102000001238,102000001238,
IP 10x2. NEW Handmatig Verdeling naar KP,102000001237,102000001237,
'IP 10x2. NEW Handmatig Verdeling naar KP'.'IP 10.1 Subload view',3231000000000,102000001237,
└ IP 10a. Verdeling naar grootboekrekening,102000000755,102000000755,
'└ IP 10a. Verdeling naar grootboekrekening'.Export inputs to new module,2049000000005,102000000755,
└ IP 10a NEW. Verdeling naar grootboekrekening,102000001244,102000001244,
'└ IP 10a NEW. Verdeling naar grootboekrekening'.'Subload Waarde + Driver',3245000000000,102000001244,
└ IP 10b. Verdeling naar grootboekrekening - Import,102000000897,102000000897,
'└ IP 10b. Verdeling naar grootboekrekening - Import'.'UNI.01 Update L Uni-Code from IP 10b',2399000000003,102000000897,
'└ IP 10b. Verdeling naar grootboekrekening - Import'.'UNI.02 Update M IM 20 from IP 10b',2399000000004,102000000897,
└ IP 10c. Selecteer seizoenspatroon,102000000759,102000000759,
'└ IP 10c. Selecteer seizoenspatroon'.'IP 27b - sv 1 - import maanden',2059000000000,102000000759,
└ IP 10d. Calculatie seizoenspatronen,102000000760,102000000760,
'└ IP 10d. Calculatie seizoenspatronen'.'IP 27c - sv 1 - import maanden',2061000000000,102000000760,
'└ IP 10d. Calculatie seizoenspatronen'.'SV 2 - Export Budget tbv SAP',2061000000001,102000000760,
'└ IP 10d. Calculatie seizoenspatronen'.'IP05 Subload FInal Waarde',2061000000002,102000000760,
'└ IP 10d. Calculatie seizoenspatronen'.Export budget tbv Powerapps,2061000000005,102000000760,
└ IP 10e. Maand FTE Verdeling naar KP,102000000765,102000000765,
'└ IP 10e. Maand FTE Verdeling naar KP'.'SV1 - IP 27d. - handmatige FTE import',2073000000000,102000000765,
'└ IP 10e. Maand FTE Verdeling naar KP'.Export budget tbv PowerApps,2073000000001,102000000765,
└ IP 10f. - Gemiddeld tarief FTE per kostenplaatsen,102000000832,102000000832,
'└ IP 10f. - Gemiddeld tarief FTE per kostenplaatsen'.'└ IP 10f. - Gemiddeld tarief FTE Copy input data',2252000000000,102000000832,
└ IP 10f. NEW - Jaar FTE tarief/uren per KP,102000001236,102000001236,
'└ IP 10f. NEW - Jaar FTE tarief/uren per KP'.'IP 10f.1 NEW - Update M: Copy input to module IP10x1',3229000000000,102000001236,
IP 11. IC & Leenmonteurs input,102000000929,102000000929,
'IP 11. IC & Leenmonteurs input'.'IP 11. IC input - Copy input to new LI',2471000000001,102000000929,
└ IP 11a. Invoer seizoenspatroon IC handmatig,102000000991,102000000991,
IP 12. Dummy Refresh,102000000954,102000000954,
IP 13. UMDT op Activiteiten,102000000964,102000000964,
IP 14. Directe toeslagen,102000000965,102000000965,
IP 15. Uurtarieven,102000001076,102000001076,
IP 16. Invoer DB/TS kosten,102000000979,102000000979,
└ IP 16a. Invoer DB/TS allocatie,102000000980,102000000980,
└ IP 16b. Invoer DB/TS Inflatie,102000000981,102000000981,
└ IP 16c. Toeslagen percentages,102000000984,102000000984,
IP 17. UMDT op Kostenplaats,102000000992,102000000992,
IP 18. Doorbelasting & Toeslagen split,102000000998,102000000998,
└ IP 18a. Seizoenspatronen - DB/TS,102000000999,102000000999,
└ IP 18b. Seizoenspatronen Calculatie Maand,102000001150,102000001150,
IP 19. UMDT op L3++ Thema's,102000001003,102000001003,
IP 20. UMDT Thema's op Kostenplaats,102000001009,102000001009,
IP 21. Input KPI's - MJP,102000001030,102000001030,
└ IP 21a. Input KPI's - Months,102000001068,102000001068,
IP 22. Create KPI_Afdeling,102000001032,102000001032,
'IP 22. Create KPI_Afdeling'.'1. Create new KPI',2751000000001,102000001032,
'IP 22. Create KPI_Afdeling'.'2. Create New KPI_Afd (manual)',2751000000000,102000001032,
'IP 22. Create KPI_Afdeling'.'3. Subload to IM 42 (Manual)',2751000000002,102000001032,
'IP 22. Create KPI_Afdeling'.'IP 22.4 Blank out input',2751000000003,102000001032,
IP 23. KPI Admin,102000001074,102000001074,
IP 24. Kostenplaats Doorbelasting Input,102000001064,102000001064,
IP 25.  IC allocation naar kostenplaats,102000001025,102000001025,
IP 26. Leenmmonteurs,102000001073,102000001073,
IP 27 Sip Thema L3++,102000001080,102000001080,
'IP 27 Sip Thema L3++'.'IP 27.1 SIP Thema L3+ creation',2865000000000,102000001080,
'IP 27 Sip Thema L3++'.'IP 27.2 SIP Thema L3++ creation',2865000000001,102000001080,
"IP 28. BAK, Subsidie, Overige Omzet",102000001126,102000001126,
"└IP 28a. BAK, Subsidie Meerjarig",102000001185,102000001185,
IP 29. Seizoenspatroon Activity L4+,102000001142,102000001142,
IP 30. Seizoenspatroon Thema L3++,102000001143,102000001143,
IP 31. Netverder,102000001183,102000001183,
IP 32. Urenschrijvende FTE's,102000001188,102000001188,
IP 33. Loonkosten,102000001232,102000001232,
IP 34. Personeelskosten naar grootboekrekening,102000001253,102000001253,
IP 35. Personeelskosten handmatig naar grootboekrekening,102000001256,102000001256,
IP 36. Verdeling FTEs naar prestatiesoorten,102000001263,102000001263,
IP 37. Verdeling FTE niet prestatiesoort,102000001293,102000001293,
IP 38. Loonkosten prestatiesoort,102000001287,102000001287,
IP 39. Dekking % Prestatiesoorten,102000001288,102000001288,
IP 40. Input Thema L3++ split,102000001304,102000001304,
IP 41. Input Activiteit L4+ split,102000001312,102000001312,
IP 42. IKT Budget,102000001329,102000001329,
IP 43. IKT Growth,102000001330,102000001330,
IP 44. Dummy Maand Allocatie,102000001332,102000001332,
IP 45. Netverliezen Budget,102000001341,102000001341,
IP 46. Netverliezen Future,102000001342,102000001342,
IP 47. Netverliezen Eigenschappen,102000001348,102000001348,
IP 48. KPI report creation input,102000001364,102000001364,
IP 49. Forecast keuze uurtarieven,102000001373,102000001373,
⠀⠀⠀      ◼️  Calculation Modules,102000000093,102000000093,
CA 00. SIP Adjusted,102000000893,102000000893,
└CA 00a. SIP- Delta Analyse,102000000891,102000000891,
CA 01. SIP - continued,102000000899,102000000899,
CA 04. FTE naar COEA,102000001072,102000001072,
CA 05. Risico & Kansen,102000000696,102000000696,
'CA 05. Risico & Kansen'.'CA 25. Risico & Kansen - Export tabel',1901000000000,102000000696,
CA 06. FTE kosten MJP,102000001039,102000001039,
CA 07. Variante SIP/MJP,102000000865,102000000865,
└ CA 07a. Selectie SIP Varianten voor verglijk,102000000886,102000000886,
CA 11. Verdeling naar Grootboekrekening overzicht,102000000754,102000000754,
'CA 11. Verdeling naar Grootboekrekening overzicht'.Export inputs to new module,2047000000000,102000000754,
CA 11 NEW. Verdeling naar Grootboekrekening,102000001245,102000001245,
└ CA 11a. Verdeling naar maand overzicht,102000000846,102000000846,
└ CA 11a NEW. Verdeling naar maand overzicht,102000001303,102000001303,
CA 14. FTE Versie Variance,102000000905,102000000905,
CA 16. Controle Dekking Uren,102000000911,102000000911,
CA 16 NEW. Controle Dekking COEA,102000001275,102000001275,
└CA 16a. Controle UMD vs Thema,102000001208,102000001208,
CA 17. Controle Volledigheid KP/GBR/Maand/Thema,102000000912,102000000912,
CA 18. Invoer seizoenspatroon IC,102000000931,102000000931,
CA 19. Rekeningcategorie Allocatie,102000000948,102000000948,
└ CA 19a. Rekening categorie verdeling,102000000949,102000000949,
CA 20. Toeslag Direct,102000000959,102000000959,
CA 21. Berekend UMDT op Activiteit,102000000967,102000000967,
'CA 21. Berekend UMDT op Activiteit'.'01. summary dashboard',2569000000001,102000000967,
└ CA 21a. Allocatie naar Kostenplaats Activiteit L4+,102000000994,102000000994,
└ CA 21a NEW. Allocatie naar CC Activiteit L4+ - Copy,102000001251,102000001251,
└ CA 21b. UMDT KPI's,102000001002,102000001002,
└ CA 21c. UMDT + Inflatie (L4+),102000001053,102000001053,
└  CA 21d. Activiteit_kostenplaats combinatie,102000001170,102000001170,
'└  CA 21d. Activiteit_kostenplaats combinatie'.'ACKO01 Load to L Activiteit_Kostenplaats',3073000000000,102000001170,
'└  CA 21d. Activiteit_kostenplaats combinatie'.'ACKO02 Load IM to IM Activiteit_Kostenplaats',3073000000001,102000001170,
CA 22. Berekening Doorbelastingen,102000000982,102000000982,
└ CA 22a. Berekening toeslagen,102000001160,102000001160,
└ CA 22a. Berekening toeslagen - Copy,102000001356,102000001356,
└ CA 22b. Collect toeslagen,102000001135,102000001135,
└ CA 22c. Collect indirecte toeslagen,102000001179,102000001179,
CA 23. Berekend UMDT op L3++ Thema's,102000001007,102000001007,
└  CA 23a. Allocatie naar Kostenplaats Thema L3 +,102000001015,102000001015,
└ CA 23b. UMDT Thema's KPI's,102000001018,102000001018,
└ CA 23c. UMDT + Inflatie (L3+),102000001058,102000001058,
CA 24. Budget Kosten uren uitvoeringskosten-TBD,102000001021,102000001021,
CA 24. MJP Kosten uren uitvoeringskosten,102000001343,102000001343,
CA 25. Budget Uren uitvoeringskosten,102000001020,102000001020,
CA 25. MJP Uren uitvoeringskosten,102000001344,102000001344,
└ CA 25a. FTE & Uurtarief input,102000001024,102000001024,
CA 26. Calculatie Toeslag Indirect,102000001043,102000001043,
CA 27. IC Kostenplaats Waarde,102000001067,102000001067,
CA 28. KPI Admin per KPI,102000001075,102000001075,
CA 29. MJP naar Afdelingen,102000001102,102000001102,
└  CA 29a. MJP naar Afdeling Collect,102000001212,102000001212,
CA 30. DB/TS naar Kostenplaats,102000001114,102000001114,
CA 30a. DB/TS naar Afdeling,102000001123,102000001123,
CA 31. Toeslag Direct MJP,102000001120,102000001120,
CA 32. Toeslag Indirect MJP,102000001122,102000001122,
CA 32xx. Toeslag Indirect MJP,102000001363,102000001363,
CA 33. Toeslag indirect dekkings controle,102000001132,102000001132,
CA 34. MJP naar thema's,102000001139,102000001139,
'CA 34. MJP naar thema''s'.'CA 34. MJP naar thema''s - Export MJP',3002000000000,102000001139,
'CA 34. MJP naar thema''s'.'CA 34. MJP naar thema''s - Export MJP OPEX',3002000000001,102000001139,
'CA 34. MJP naar thema''s'.'CA 34. MJP naar thema''s - Export MJP (Live)',3002000000002,102000001139,
CA 34. MJP naar thema's - Meerjarig,102000001198,102000001198,
'CA 34. MJP naar thema''s - Meerjarig'.'CA 34. MJP naar thema''s - Meerjarig - Export LTIP',3148000000000,102000001198,
└CA 34a MJP thema's voor RP 10 11 12,102000001146,102000001146,
CA 35. Monthly allocation thema L3 (aggregated),102000001152,102000001152,
└CA 35a. Monthly allocation Activity L4+,102000001140,102000001140,
└CA 35b. Monthly allocation Activity L4+ to UMDT,102000001163,102000001163,
└CA 35c. Monthly allocation Activity L4+ to UMDT - Copy,102000001167,102000001167,
└CA 35d. Monthly allocation Thema L3++,102000001141,102000001141,
└CA 35e. Monthly allocation Thema L3++ to UMDT,102000001168,102000001168,
└CA 35f. Monthly allocation Thema L3++ to UMDT  to KP,102000001169,102000001169,
└CA 35g. Monthly allocation on thema L3,102000001222,102000001222,
CA 36. Doorbelastingen naar Maand,102000001164,102000001164,
CA 37. IC naar GBR/KP,102000001165,102000001165,
CA 38. Toeslagen GBR,102000001181,102000001181,
CA 39. Other Rekeningcategorie GBR,102000001182,102000001182,
CA 42. Materiaal Staging Thema L3++,102000001201,102000001201,
CA 43. Materiaal Staging Activiteit L4+,102000001202,102000001202,
└ CA 47a. Versturende Toeslag Indirect Staging,102000001214,102000001214,
CA 49. PY and CY actual drivers,102000001282,102000001282,
CA 48. Personeelskosten naar maand,102000001264,102000001264,
CA 50. Monthly allocation key FSP,102000001297,102000001297,
CA 51. Monthly allocation 5 years,102000001298,102000001298,
CA 52. UMDT - Thema Regio EG,102000001305,102000001305,
CA 53. UMDT - Activiteit Regio EG,102000001313,102000001313,
CA 54. Bezettingsresultaat en dekkingsgraad,102000001322,102000001322,
CA 55. Correctiefactor,102000001291,102000001291,
CA 56. Opslag per uur,102000001289,102000001289,
CA 57. Uurtarief Afdeling,102000001270,102000001270,
└CA 57a. Productieve uren,102000001315,102000001315,
CA 58. Uurtarief Subafdeling,102000001327,102000001327,
CA 59. IKT,102000001338,102000001338,
CA 60. Netverliezen Allocatie,102000001347,102000001347,
CA 61. Monthly allocation 5 years Opex/Capex,102000001350,102000001350,
CA 62. MJP naar thema's Opex/Capex,102000001351,102000001351,
CA 99. Samenvatting,102000001269,102000001269,
⠀⠀⠀       ◼️ Inflation Modules,102000001261,102000001261,
DA 04. Parameters FSP,102000000023,102000000023,
'DA 04. Parameters FSP'.'V11. Export Parameters naar BWM',336000000001,102000000023,
'DA 04. Parameters FSP'.'Export view - Parameters FSP',336000000002,102000000023,
DA 03. Inflatie,102000001063,102000001063,
└DA 03a. Inflatie (cumulatief),102000000120,102000000120,
└DA 03b. Inflatie ( Merge),102000000852,102000000852,
CA XX. Inflatie Staging UMD,102000001371,102000001371,
CA 40. BAK Inflatie + Meerjarig,102000001195,102000001195,
CA 41. Netverder Inflatie,102000001199,102000001199,
└CA 41a. Netverder Inflatie - Naar rekeningcategori,102000001200,102000001200,
CA 44. Inflatie Staging,102000001204,102000001204,
CA 45. Doorbelasting inflatie staging,102000001209,102000001209,
CA 46 Cost + Inflatie,102000001210,102000001210,
CA 47. Toeslag Inflation Staging,102000001213,102000001213,
⠀⠀⠀       ◼️ Reporting Modules,102000000908,102000000908,
RP 01. IC output,102000000932,102000000932,
RP 03. DB / TS Overview,102000001001,102000001001,
RP 06. samenvatting MJP,102000001047,102000001047,
'RP 06. samenvatting MJP'.'RP 06. samenvatting MJP - Export MJP',2785000000000,102000001047,
└ RP 06a. samenvatting COEA,102000001112,102000001112,
└ RP 06b. Variantie Analyse,102000001180,102000001180,
└ RP 06c.TOTEX Analyse,102000001193,102000001193,
RP 07. formatie ontwikkeling,102000001048,102000001048,
'RP 07. formatie ontwikkeling'.'RP 07. formatie ontwikkeling - Export MJP',2787000000000,102000001048,
'RP 07. formatie ontwikkeling'.'RP 07. formatie ontwikkeling - Export MJP afdeling',2787000000001,102000001048,
'RP 07. formatie ontwikkeling'.'RP 07. formatie ontwikkeling - ontwikkeling BU',2787000000002,102000001048,
└ RP 07a. Variantie Analyse,102000001192,102000001192,
RP 08. Formatie MJP,102000000887,102000000887,
'RP 08. Formatie MJP'.'V01. Export tabellen alle afdelingen',2375000000000,102000000887,
'RP 08. Formatie MJP'.'FS 05. Formatie MJP - Export Tabel',2375000000001,102000000887,
'RP 08. Formatie MJP'.'FS 05. Formatie MJP - Export Int_ext',2375000000002,102000000887,
└ RP 08a. Variantie Analyse,102000001191,102000001191,
RP 09. Afdelingskosten,102000000793,102000000793,
'RP 09. Afdelingskosten'.'FS 08. Afdelingskosten - Export MJP',2150000000000,102000000793,
'RP 09. Afdelingskosten'.'FS 08. Afdelingskosten - Export MJP Afd',2150000000001,102000000793,
'RP 09. Afdelingskosten'.'V01. Export alle afdelingen',2150000000002,102000000793,
'RP 09. Afdelingskosten'.View MJP,2150000000003,102000000793,
RP 10 MJP CAPEX - UMD,102000001051,102000001051,
└ RP 10a. MJP CAPEX - Specificatie,102000000804,102000000804,
'└ RP 10a. MJP CAPEX - Specificatie'.'RP 09a. MJP CAPEX - Specificatie - Export MJP',2172000000000,102000000804,
'└ RP 10a. MJP CAPEX - Specificatie'.'└ RP 10a. MJP CAPEX - MJP Export Afdeling',2172000000001,102000000804,
└ RP 10a. MJP CAPEX - LIS Based,102000001294,102000001294,
RP 11. MJP OPEX - UMD,102000001050,102000001050,
└ RP 11a. MJP OPEX - Specificatie,102000000805,102000000805,
'└ RP 11a. MJP OPEX - Specificatie'.'FS 10. MJP OPEX - Specificatie - Export MJP afd',2174000000001,102000000805,
'└ RP 11a. MJP OPEX - Specificatie'.'V01. Export alle afdelingen',2174000000002,102000000805,
'└ RP 11a. MJP OPEX - Specificatie'.'RP 10. MJP OPEX - Specificatie - Export tabel',2174000000003,102000000805,
└ RP 11a. MJP OPEX - LIS Based,102000001274,102000001274,
RP 12. MJP EXTERN - UMD,102000001052,102000001052,
└ RP 12a. MJP Extern - Specificatie,102000000806,102000000806,
'└ RP 12a. MJP Extern - Specificatie'.'FS 11. MJP Extern - Specificatie - Export MJP',2176000000000,102000000806,
'└ RP 12a. MJP Extern - Specificatie'.'FS 11. MJP Extern - Specificatie - Export Tabel',2176000000001,102000000806,
RP 13. UMDT - Afdeling,102000001054,102000001054,
RP 15. UMDT - Afdeling E/G Regio OPEX,102000001314,102000001314,
RP 14. UMDT - Kostenplaats,102000001110,102000001110,
RP 16. MJP Inflatie,102000001124,102000001124,
RP 16 NEW. MJP Inflatie,102000001279,102000001279,
RP 17. KPI Waarde report creation,102000001365,102000001365,
RP 25. Leenmonteur overview,102000001317,102000001317,
RP 18. KPI Waarde over years,102000001136,102000001136,
'RP 18. KPI Waarde over years'.'RP 18. KPI Waarde over years - Export waardes',2994000000000,102000001136,
'RP 18. KPI Waarde over years'.'RP 18. KPI Waarde over years - Waardes',2994000000001,102000001136,
'RP 18. KPI Waarde over years'.'RP 18. KPI Waarde over years - Export MJP',2994000000002,102000001136,
'RP 18. KPI Waarde over years'.'RP 18. KPI Waarde over years - Export version',2994000000003,102000001136,
└ RP 18a. Powerpoint KPI's Waarde,102000001155,102000001155,
└ RP 18b. Powerpoint KPI's Master Data,102000001156,102000001156,
'└ RP 18b. Powerpoint KPI''s Master Data'.'└ RP 18b. Powerpoint KPI''s Master Data - Export MJP',3039000000000,102000001156,
'└ RP 18b. Powerpoint KPI''s Master Data'.'└ RP 18b. Powerpoint KPI''s Master Data - Export version',3039000000001,102000001156,
RP 19. Risico & Kansen,102000001157,102000001157,
RP 20. COEA tabel per kostenplaats,102000001203,102000001203,
RP 26. Calculatie seizoenspatronen Totaal,102000001337,102000001337,
RP 29. P&L Overzicht,102000001353,102000001353,
⠀⠀⠀       ◼️ Controle modules,102000001272,102000001272,
RP 21. COEA Versie Variance Totals,102000001262,102000001262,
RP 22. COEA Versie Variance,102000001241,102000001241,
RP 23. Controle Dekking Uren,102000001276,102000001276,
RP 24. FTE Versie Variance Totals,102000001278,102000001278,
RP 27. Check report overview,102000001339,102000001339,
RP 30. Controle DB en TS,102000001361,102000001361,
RP 28. Controle Volledigheid GBR/Maand,102000001349,102000001349,
⠀⠀⠀       ◼️  Filter Modules,102000000048,102000000048,
FI 03. User Filter Years II,102000000058,102000000058,
FI.05. Filter Input MJP,102000000103,102000000103,
FI 06. Filter Version,102000000171,102000000171,
└ FI 06a. Select Versie BWM,102000000392,102000000392,
FI 10. Activiteit L4 + > Afdelingen,102000000977,102000000977,
FI 01. Filter no dimensions,102000000021,102000000021,
FI 01. Select Versie Budget,102000000864,102000000864,
FI 02. User Filter Years,102000000057,102000000057,
FI 10. Account,102000001257,102000001257,
FI 04. Read-Only,102000000065,102000000065,
FI 12. FIlter DB/TS,102000000990,102000000990,
FI 14. Thema L3 filter Calculations,102000001026,102000001026,
FI 16. Filter SS Afdeling L5 - Budget Afdelingen,102000001335,102000001335,
FI 17. Account L12 - budget - COEA,102000000827,102000000827,
'FI 17. Account L12 - budget - COEA'.Temp,2239000000000,102000000827,
FI 18. Allocation Thema/Afdeling/COEA,102000001368,102000001368,
⠀⠀⠀       ◼️  User Filter Modules,102000001217,102000001217,
FI 08. Versie vergelijking,102000000904,102000000904,
FI 07. User filters - General,102000000648,102000000648,
└ FI 07a. User Filters - MJP Drivers L6,102000000707,102000000707,
└ FI 07b. User Filters - MJP Drivers L6 & Time,102000000792,102000000792,
└ FI 07c. User Filters - Afdeling L5,102000000736,102000000736,
└ FI 07d. User Filters - Afdeling L5 SS,102000000791,102000000791,
└ FI 07d. User Filters - Afdeling L5 DB/TS,102000001220,102000001220,
└ FI 07e. User Filters - KPI,102000000775,102000000775,
└ FI 07f. User Filters - Account,102000000780,102000000780,
└ FI 07g. User Filters - COEA,102000000786,102000000786,
└ FI 07h. User Filters - Kostencategorie,102000000787,102000000787,
└ FI 07i. User Filters - COEA-KP-ACC,102000000778,102000000778,
└ FI 07j. User Filters - Import Scenario,102000000879,102000000879,
└ FI 07k User Filters - Subafdeling L6,102000000986,102000000986,
└  FI 07l. User Filters - Tafel L2,102000000988,102000000988,
└  FI 07m. User Filters - Activiteit L4 + (UMD),102000000996,102000000996,
└  FI 07n. User Fitlers - Afdeling + Support list,102000001046,102000001046,
└  FI 07p. User Filters - Accounts Active SS,102000001060,102000001060,
└  FI 07q. User Filters -Kostensoort,102000001061,102000001061,
└  FI 07r. User Filters - Thema L3++ & Afdeling,102000001097,102000001097,
└  FI 07s. User Filters - COEA Euros,102000001098,102000001098,
└  FI 07t. User Filters - Thema,102000001117,102000001117,
└  FI 07t. User Filters - Thema L3++,102000001219,102000001219,
└ FI 07u. User Filters - MJP Drivers L6 - Budget,102000001119,102000001119,
└ FI 07v. User Filters - KPI_Afdelingen,102000001125,102000001125,
└ FI 07w. User Filters - Dummy Afdelingen,102000001137,102000001137,
└ FI 07x. User Filters - Allocation Thema/Afdeling/COEA,102000001144,102000001144,
└ FI 07y. User Filters - Allocation Activiteiten/Afd./COEA,102000001145,102000001145,
└ FI 07z. User Filters - Inflation Selection IP10d,102000001226,102000001226,
└ FI 07aa. User Filters - Inflation List Selection,102000001231,102000001231,
└ FI 07ab. User Filters - Inflation Selection RP20,102000001228,102000001228,
└ FI 07ac. User Filters - Suppress Zeroes RP14,102000001234,102000001234,
└ FI 07ad. User Filters - Suppress Zeroes RP13,102000001235,102000001235,
└ FI 07ae. User Filters - Suppress Zeroes CA 35c,102000001252,102000001252,
└ FI 07af. User Filters - Suppress Zeroes IP 10a NEW,102000001292,102000001292,
└ FI 07ag. User Filters - Suppress Zeroes OPEX,102000001277,102000001277,
└ FI 07ah. User Filters - Suppress Zeroes CAPEX,102000001301,102000001301,
└ FI 07ai. User Filters - Activiteit_kostenplaats,102000001286,102000001286,
└ FI 07aj. User Filters - Suppress Zeroes RP15,102000001321,102000001321,
└ FI 07ak. User Filters - Suppress Zeroes IP 35,102000001324,102000001324,
└ FI 07al. User Filters - Suppress Zeroes RP 29,102000001355,102000001355,
└ FI 07am. Suppress Zeroes CA 35e.,102000001357,102000001357,
└ FI 07an. User Filters MJP Versions - COEA-MJP-ACC,102000001370,102000001370,
└ FI 07ba. User Filters - Rekeningcategorie,102000001281,102000001281,
└ FI 07bb. User Filters - OPEX Type,102000001318,102000001318,
└ FI 07bc. User Filters - Product,102000001319,102000001319,
└ FI 07bd. User Filters - Regio,102000001320,102000001320,
FI 09. Driver DB Filter,102000000945,102000000945,
FI 11. Activiteit L4 +,102000000997,102000000997,
FI 16. Filter Prestatiesoort,102000001372,102000001372,
FI 15. Netverder dashboarding,102000001184,102000001184,
⠀⠀⠀       ◼️ Information Modules,102000000012,102000000012,
IM 99. Lookup lists,102000000705,102000000705,
IM 00. Images,102000000207,102000000207,
IM 00. Trainingen,102000001130,102000001130,
IM 01. Account L12,102000000022,102000000022,
'IM 01. Account L12'.'IM 01.1 Create Account L12 Active SS',312000000000,102000000022,
'IM 01. Account L12'.'IM 01.2 Create Account L12 Budget SS',312000000001,102000000022,
'IM 01. Account L12'.'IM 01.3 Clean Account L12 SS',312000000002,102000000022,
'IM 01. Account L12'.'IM01.4 Create SS - Account L12 - Allocation',312000000003,102000000022,
└ IM 01a. Account L12 - used,102000000009,102000000009,
'└ IM 01a. Account L12 - used'.'V17 └ IM 01.a Account L12 - used',274000000000,102000000009,
'└ IM 01a. Account L12 - used'.Saved view IC subset,274000000002,102000000009,
'└ IM 01a. Account L12 - used'.'SS.07 Create IC Dummy',274000000003,102000000009,
'└ IM 01a. Account L12 - used'.'TEMP Create Used Acc list for DB/TS',274000000004,102000000009,
IM 04. Entiteit,102000000026,102000000026,
'IM 04. Entiteit'.Saved view subset E code,342000000000,102000000026,
'IM 04. Entiteit'.'Export List to FSP 2.0',342000000001,102000000026,
IM 05a. Afdelingsgroep,102000000027,102000000027,
'IM 05a. Afdelingsgroep'.'IM 05a. Afdelingsgroep update code',346000000000,102000000027,
'IM 05a. Afdelingsgroep'.'Export list to FSP 2.0',346000000001,102000000027,
'IM 05a. Afdelingsgroep'.'Export flat list to FSP 2.0',346000000002,102000000027,
IM 05b. Afdeling - Do not use,102000000973,102000000973,
'IM 05b. Afdeling - Do not use'.'IM 05b.1 Afdeling code update',2593000000000,102000000973,
'IM 05b. Afdeling - Do not use'.'Export to FSP 2.0',2593000000001,102000000973,
'IM 05b. Afdeling - Do not use'.'Export flat list to FSP 2.0',2593000000002,102000000973,
IM 05c. Subafdeling,102000000971,102000000971,
'IM 05c. Subafdeling'.'IM 05c. Subafdeling - Import subset OPS',2587000000001,102000000971,
'IM 05c. Subafdeling'.'IM 05c. Subafdeling - Import subafdeling ops',2587000000002,102000000971,
IM 06b. SS Budget MJP Kostenplaats,102000001121,102000001121,
IM 07. Import Scenario's,102000000030,102000000030,
IM 08. Product,102000000032,102000000032,
IM 09. FTE Type L1,102000000034,102000000034,
IM 10. FTE Type L2,102000000035,102000000035,
IM 13. Afdeling L5,102000000095,102000000095,
'IM 13. Afdeling L5'.'Import SS DB/TS',509000000001,102000000095,
'IM 13. Afdeling L5'.Import SS Budget,509000000002,102000000095,
'IM 13. Afdeling L5'.Import SS IC?,509000000003,102000000095,
'IM 13. Afdeling L5'.'SV1 Flat list to FSP2.0',509000000004,102000000095,
'IM 13. Afdeling L5'.'SV2 Hierarchy to FSP2.0',509000000005,102000000095,
IM 14. Risico's  & Kansen,102000000695,102000000695,
IM 15. Risico & Kansen soorten,102000000697,102000000697,
IM 16. Users,102000000699,102000000699,
'IM 16. Users'.'V01. Import Users platte lijst',1907000000000,102000000699,
IM 18. KPI Informatie,102000000715,102000000715,
'IM 18. KPI Informatie'.'IM 46. KPI Informatie - KPI Export',1956000000000,102000000715,
'IM 18. KPI Informatie'.'V01. IM 46. KPI Informatie - Export KPI''s',1956000000001,102000000715,
IM 19. DB/TS Items,102000001206,102000001206,
'IM 19. DB/TS Items'.'IM 19.1 Export DB/TS Items to AAC x UMD',3164000000000,102000001206,
MA 13. R&K Mapping,102000000724,102000000724,
IM 19. COEA,102000000756,102000000756,
IM 20. COEA-KP-ACC,102000000757,102000000757,
'IM 20. COEA-KP-ACC'.'SV 1- Master Data budget',2055000000000,102000000757,
IM 24. Dummy Afdelingen,102000000789,102000000789,
IM 26. SIP Planvarianten,102000000875,102000000875,
IM 27. Thema L3 Verrijking,102000000892,102000000892,
IM 29. User filter,102000000104,102000000104,
IM 33. Rekeningcategorie,102000000955,102000000955,
IM 34. SIP Activiteit L4,102000000961,102000000961,
'IM 34. SIP Activiteit L4'.'01.11 Create L SIP Activiteit L4 + from M IM 34',2555000000000,102000000961,
IM 35. SIP Subactiviteit L5,102000000962,102000000962,
IM 36. SIP Subactiviteit L6,102000000963,102000000963,
IM 37. SIP Activiteit L4 +,102000000975,102000000975,
IM 38. Tafel L2,102000000989,102000000989,
IM 39. Thema L3,102000001004,102000001004,
'IM 39. Thema L3'.'IM 39.1 Thema L3+ creation',2674000000000,102000001004,
IM 40 Thema L3+,102000001079,102000001079,
IM 41. Thema L3 ++,102000001005,102000001005,
'IM 41. Thema L3 ++'.'L3+04. SIP Thema L3++ Creation from IM 41.',2676000000000,102000001005,
IM 42. SPIN KPI's,102000001029,102000001029,
IM 43. KPI_Afdeling,102000001031,102000001031,
'IM 43. KPI_Afdeling'.Update user codes,2749000000001,102000001031,
'IM 43. KPI_Afdeling'.Update SPIN codes,2749000000002,102000001031,
IM 44 LIS (CA 24) Kostencategorieen voor Uurtariefen,102000001147,102000001147,
IM 45 LIS (CA 24) Kostencategorieen voor Uurtariefen no time,102000001369,102000001369,
IM 46. Regio,102000001362,102000001362,
IM 47. Prestatiesoorten,102000001284,102000001284,
IM 52. LIS Budgetitems,102000000771,102000000771,
IM 59. Datum proces run,102000000889,102000000889,
IM 60. Period dummy values,102000000936,102000000936,
IM 61. IKT items,102000001323,102000001323,
'IM 61. IKT items'.Export IKT items to FSP,3424000000000,102000001323,
IM 62 Kostenplaats,102000000943,102000000943,
'IM 62 Kostenplaats'.'IM 62.1 Kostenplaats Create Active SS',2508000000000,102000000943,
'IM 62 Kostenplaats'.'IM 62.2 Kostenplaats Create Budget SS',2508000000001,102000000943,
'IM 62 Kostenplaats'.'IM 62.3 Clean Kostenplaats SS',2508000000002,102000000943,
'IM 62 Kostenplaats'.'SS. 12 clear SS kostenplaatsen',2508000000003,102000000943,
IM 63. DB/TS,102000000978,102000000978,
'IM 63. DB/TS'.'AAC 01. Export TS List',2612000000001,102000000978,
IM 64. Eenheid,102000001019,102000001019,
IM 65. Activiteit L4+_Kostenplaats,102000001172,102000001172,
IM 99. Afdelingskosten Split,102000000934,102000000934,
IM 66. OPEX/CAPEX,102000001196,102000001196,
IM 67. LIS (IP 10d) Waarde Selectie,102000001227,102000001227,
IM 68. LIS (RP 20) Waarde Selectie,102000001229,102000001229,
IM 69. Inflatie,102000001354,102000001354,
IM 70. Kostensoort (Inflatie Mapping),102000000119,102000000119,
IM 71. Support List Dep,102000000328,102000000328,
IM 72. IAS 16 Inflatie,102000001011,102000001011,
IM 73. Mapping DA 45 -> Kostencategorie,102000000896,102000000896,
IM 74. LIS CA21 Mappings,102000000993,102000000993,
IM 75. LIS CA23 Mappings,102000001016,102000001016,
IM 76. Grouping SAP BPC to COEA,102000000937,102000000937,
IM 77. UMDT Items to CA21 SS & CA 23 SS,102000001078,102000001078,
⠀⠀⠀       ◼️ Mapping Modules,102000000105,102000000105,
== Keep ==,102000001359,102000001359,
MA 01. SPIN -  Organisatie -> Afdeling L5,102000001028,102000001028,
MA 02. Mapping Thema verrijking -> SIP,102000000843,102000000843,
MA 03. LIS DA04 to Rekeningcategorie,102000001023,102000001023,
MA 04. Mapping Rekeningcategorie naar COEA,102000000752,102000000752,
MA 05. Automatische allocatie,102000001280,102000001280,
MA 06. NEW. COEA -> Rekeningcategorie,102000001255,102000001255,
MA 07. Kostenplaats L7 Aggregation mapping - Version based,102000001243,102000001243,
MA 08. Acount L12 aggregation mapping,102000000940,102000000940,
'MA 08. Acount L12 aggregation mapping'.'Adm. dashboard view',2502000000001,102000000940,
'MA 08. Acount L12 aggregation mapping'.'MA 51. Acount L12 Copy input data',2502000000002,102000000940,
MA 09. Account L12 aggregation mapping - Version based,102000001242,102000001242,
MA 10. Afdeling op Thema's of Activiteiten,102000001013,102000001013,
MA 11. Afdeling op L3++,102000001091,102000001091,
MA 12.  Afdeling op L4+,102000001106,102000001106,
== Adjust ==,102000001360,102000001360,
MA 15. COEA -> Rekeningcategorie,102000000946,102000000946,
'MA 15. COEA -> Rekeningcategorie'.Export inputs to new module,2517000000001,102000000946,
MA 58. UMD to Toeslag Indirect,102000001083,102000001083,
MA 59.TS -> CA22a,102000001133,102000001133,
MA 61. Kostenplaats L7 Aggregation mapping,102000001148,102000001148,
'MA 61. Kostenplaats L7 Aggregation mapping'.'Adm. dashboard view',3020000000001,102000001148,
'MA 61. Kostenplaats L7 Aggregation mapping'.'MA 61. Kostenplaats L7 Copy input data',3020000000002,102000001148,
MA 62. Dummy IC,102000001166,102000001166,
MA 63. LIS (CA 29) MJP to rekeningcategorie,102000001190,102000001190,
MA 63 LIS CA22a to DB/TS Items,102000001186,102000001186,
MA 64 LIS CA 29 to Rekeningcategorie,102000001211,102000001211,
MA 60. LIS (CA 29) MJP to LIS (DA 04) cumulative,102000001138,102000001138,
MA 66. LIS CA 24 KC voor Uurtariefen,102000001346,102000001346,
⠀⠀⠀       ◼️ Settings,102000000014,102000000014,
SET 01. Import Scenario Settings,102000000005,102000000005,
└ SET 01a. Import Scenario Settings Monthly,102000000702,102000000702,
└ SET 01b. Import Scenario Dashboard Settings,102000000794,102000000794,
└ SET 01c. Import Scenatio Dashboard Settings Monthly,102000001115,102000001115,
SET 02. Tijd Settings - Maand,102000000709,102000000709,
SE 02. Filter Settings Staven,102000000110,102000000110,
SET 03. Tijd Settings - Jaar,102000000867,102000000867,
SE 03. Budget settings,102000000764,102000000764,
SET 04. Datum Settings,102000000890,102000000890,
'SET 04. Datum Settings'.Export huidige datum,2383000000000,102000000890,
SET 04. Datum vandaag (Cloudworks),102000000888,102000000888,
'SET 04. Datum vandaag (Cloudworks)'.'DATE.01 MAIN datum',2379000000000,102000000888,
'SET 04. Datum vandaag (Cloudworks)'.'DATE.02 BACKUP datum',2379000000001,102000000888,
'SET 04. Datum vandaag (Cloudworks)'.'DATE.03 Datum proces run Import SIP',2379000000006,102000000888,
'SET 04. Datum vandaag (Cloudworks)'.'DATE.04 Datum proces run Update Organisatie Structuur',2379000000007,102000000888,
'SET 04. Datum vandaag (Cloudworks)'.'DATE.05 Datum proces run Update Parameters',2379000000008,102000000888,
'SET 04. Datum vandaag (Cloudworks)'.'DATE.06 Datum proces run Update Account lijst',2379000000009,102000000888,
'SET 04. Datum vandaag (Cloudworks)'.'DATE.07 Datum proces run from Update Hierarchies',2379000000010,102000000888,
SET 05. MJP Version Control,102000000069,102000000069,
'SET 05. MJP Version Control'.'V13 IM 24. FSP Version Control',441000000000,102000000069,
'SET 05. MJP Version Control'.'Export MJP Versions to FSP 2.0',441000000001,102000000069,
SET 06. Version copy control,102000001113,102000001113,
SET 07. Tijd x Version,102000001127,102000001127,
SET 08. Tijd x Version x Dummy,102000001153,102000001153,
SET 09. Dummy x Tijd x Version,102000001154,102000001154,
DC 00. Data Checks,102000001302,102000001302,
⠀⠀⠀       ◼️ Export modules,102000000882,102000000882,
EX 01. Export plan to FSP,102000001296,102000001296,
'EX 01. Export plan to FSP'.'SV 1 - EX 01. Export plan to FSP 2.0',3361000000000,102000001296,
'EX 01. Export plan to FSP'.'SV 2 - EX 01. Export plan to FSP Totals',3361000000001,102000001296,
└EX 01a. Export netverliezen to FSP,102000001300,102000001300,
'└EX 01a. Export netverliezen to FSP'.'SV 1 - EX01a netverliezen to FSP',3369000000000,102000001300,
└EX 01b. Export IKT Data  to FSP,102000001306,102000001306,
'└EX 01b. Export IKT Data  to FSP'.Export IKT Data  to FSP,3385000000000,102000001306,
└EX 01c. Export IKT growth  to FSP,102000001311,102000001311,
'└EX 01c. Export IKT growth  to FSP'.Export IKT growth  to FSP,3399000000000,102000001311,
└EX 01d. Export Tafel/Thema to FSP,102000001328,102000001328,
'└EX 01d. Export Tafel/Thema to FSP'.'SV: EX 01d. Export Tafel/Thema to FSP',3435000000000,102000001328,
'└EX 01d. Export Tafel/Thema to FSP'.'EX 01d.1 Update M: FSP 2.0 LO 09.',3435000000001,102000001328,
EX 02. Export plan to Powerapps financieel,102000001065,102000001065,
EX 03. Export plan to Powerapps formatie,102000001066,102000001066,
EX 04. Export plan to SAP financieel,102000001129,102000001129,
EX 05. DB/TS export to AACxUMD,102000001205,102000001205,
'EX 05. DB/TS export to AACxUMD'.'EX 05.1 TS export to AACxUMD',3162000000001,102000001205,
EX 06. Export inflatie to Datahub,102000001223,102000001223,
'EX 06. Export inflatie to Datahub'.'EX 06.1 Export inflatie to Datahub',3198000000000,102000001223,
'EX 06. Export inflatie to Datahub'.'EX 06.2 Export inflatie ZC to Datahub',3198000000001,102000001223,
'EX 06. Export inflatie to Datahub'.'Export to FSP 2.0 (Temporary)',3198000000002,102000001223,
EX 07. Uurtarief export to Data Hub Subafdeling,102000001325,102000001325,
'EX 07. Uurtarief export to Data Hub Subafdeling'.'EX 07.1 Uurtarief export to Data Hub',3429000000000,102000001325,
EX 08. Uurtarief export to Data Hub Afdeling,102000001326,102000001326,
'EX 08. Uurtarief export to Data Hub Afdeling'.'EX 08.1 Uurtarief export to Data Hub Afdeling',3431000000000,102000001326,
EX 09. Export Directe Toeslagen to AACx UMD,102000001331,102000001331,
'EX 09. Export Directe Toeslagen to AACx UMD'.'EX 09.1 Export Directe Toeslagen to AACx UMD',3441000000000,102000001331,
EX xx. Export plan to FSP,102000000876,102000000876,
'EX xx. Export plan to FSP'.'V01 Export MJP -> FSP',2351000000001,102000000876,
└EX 01a. Export plan to FSP - BAK,102000001194,102000001194,
└EX 01b. Export plan to FSP - % Personeelkosten,102000001197,102000001197,
'└EX 01b. Export plan to FSP - % Personeelkosten'.'└EX 01b. Export plan to FSP - % Personeelkosten - Export FSP',3146000000000,102000001197,
⠀⠀⠀       ◼️ Security Modules,102000000124,102000000124,
SEC 00. Access,102000001109,102000001109,
SEC 01. Version Access,102000000167,102000000167,
SEC 02. COEA/Kosten Access,102000000808,102000000808,
SEC 03. Subset Account L12 - Budget Access,102000000906,102000000906,
SEC 04. IC Afdelingen Access,102000000788,102000000788,
⠀⠀⠀       ◼️ TBD,102000001366,102000001366,
└ IM 01b. Account L12 - budget (TBD),102000000826,102000000826,
MA 05. Mapping Afdeling directeuren (Delete After Action),102000000782,102000000782,
MA 09. Mapping OPEX/CAPEX en COEA (Delete After Action),102000000866,102000000866,
MA 10. Kostencategorieen <> subset (DAA),102000000877,102000000877,
MA 14. Mapping IC code en Organization L3 (DAA),102000000924,102000000924,
